<?xml version="1.0" encoding="UTF-8"?>
<beans xmlns="http://www.springframework.org/schema/beans"
xmlns:xsi="http://www.w3.org/2001/XMLSchema-instance"
xsi:schemaLocation="http://www.springframework.org/schema/beans
http://www.springframework.org/schema/beans/spring-beans.xsd">
<bean id="ac" class="bank.bankspring.account;">
<property name="accno" value="3dheb471"/>
<property name="accbal" value="10048"/>
</bean>

<bean id="cur" class="bank.bankspring.account;">
<property name="accno" value="67hsgs5"/>
<property name="accbal" value="300179"/>
</bean>


<bean id="savings" class="bank.bankspring.savings" autowire="byName">
</bean>

<bean id="current" class="j.spring.intrst.current" autowire="byName">
</bean>
</beans>

